insert into rnv (rnv_id,cantidad)values ('1',90);
insert into rnv (rnv_id,cantidad)values ('2',146);
insert into rnv (rnv_id,cantidad)values ('3',106);
insert into rnv (rnv_id,cantidad)values ('4',9);
insert into rnv (rnv_id,cantidad)values ('5',67);
insert into rnv (rnv_id,cantidad)values ('6',40);
INSERT INTO rnv (rnv_id,cantidad)VALUES ('',0);


insert into regiones (region_id,nombre,ubicacion)values ('1','y','esta');
insert into regiones (region_id,nombre,ubicacion)values ('2','el','Asi');
insert into regiones (region_id,nombre,ubicacion)values ('3','y','aquella');
insert into regiones (region_id,nombre,ubicacion)values ('4','nos','estas');
insert into regiones (region_id,nombre,ubicacion)values ('5','es','un');
insert into regiones (region_id,nombre,ubicacion)values ('6','no','que');
insert into regiones (region_id,nombre,ubicacion)values ('7','mi','que,');
insert into regiones (region_id,nombre,ubicacion)values ('8','dijo:','viendole');
insert into regiones (region_id,nombre,ubicacion)values ('9','que','hombre');
insert into regiones (region_id,nombre,ubicacion)values ('10','si','tiempo');
insert into regiones (region_id,nombre,ubicacion)values ('11','dijo:','posible');
insert into regiones (region_id,nombre,ubicacion)values ('12','durado','esta');
insert into regiones (region_id,nombre,ubicacion)values ('13','ni','porque');
insert into regiones (region_id,nombre,ubicacion)values ('14','senales','sucedernos');
insert into regiones (region_id,nombre,ubicacion)values ('15','a','de');


insert into provincias (provincia_id,nombre,ubicacion,region_id)values ('1','y','esta','1');
insert into provincias (provincia_id,nombre,ubicacion,region_id)values ('2','el','Asi','1');
insert into provincias (provincia_id,nombre,ubicacion,region_id)values ('3','y','aquella','1');
insert into provincias (provincia_id,nombre,ubicacion,region_id)values ('4','nos','estas','2');
insert into provincias (provincia_id,nombre,ubicacion,region_id)values ('5','es','un','3');
insert into provincias (provincia_id,nombre,ubicacion,region_id)values ('6','no','que','4');
insert into provincias (provincia_id,nombre,ubicacion,region_id)values ('7','mi','que,','4');
insert into provincias (provincia_id,nombre,ubicacion,region_id)values ('8','dijo:','viendole','5');
insert into provincias (provincia_id,nombre,ubicacion,region_id)values ('9','que','hombre','6');
insert into provincias (provincia_id,nombre,ubicacion,region_id)values ('10','si','tiempo','6');
insert into provincias (provincia_id,nombre,ubicacion,region_id)values ('11','dijo:','posible','5');
insert into provincias (provincia_id,nombre,ubicacion,region_id)values ('12','durado','esta','7');
insert into provincias (provincia_id,nombre,ubicacion,region_id)values ('13','ni','porque','8');
insert into provincias (provincia_id,nombre,ubicacion,region_id)values ('14','senales','sucedernos','9');
insert into provincias (provincia_id,nombre,ubicacion,region_id)values ('15','a','de','9');
insert into provincias (provincia_id,nombre,ubicacion,region_id)values ('16','mi','durado','9');
insert into provincias (provincia_id,nombre,ubicacion,region_id)values ('17','bien','mal','9');
insert into provincias (provincia_id,nombre,ubicacion,region_id)values ('18','las','no','10');
insert into provincias (provincia_id,nombre,ubicacion,region_id)values ('19','dijo:','manera,','10');
insert into provincias (provincia_id,nombre,ubicacion,region_id)values ('20','estas','sean','11');
insert into provincias (provincia_id,nombre,ubicacion,region_id)values ('21','que','nos','12');
insert into provincias (provincia_id,nombre,ubicacion,region_id)values ('22','hombre','porque','13');
insert into provincias (provincia_id,nombre,ubicacion,region_id)values ('23','que','pues','14');
insert into provincias (provincia_id,nombre,ubicacion,region_id)values ('24','bien','de','14');
insert into provincias (provincia_id,nombre,ubicacion,region_id)values ('25','habiendo','no','15');

insert into comunas (comuna_id,nombre,ubicacion,provincia_id)values ('1','y','esta','1');
insert into comunas (comuna_id,nombre,ubicacion,provincia_id)values ('2','el','Asi','2');
insert into comunas (comuna_id,nombre,ubicacion,provincia_id)values ('3','y','aquella','3');
insert into comunas (comuna_id,nombre,ubicacion,provincia_id)values ('4','nos','estas','4');
insert into comunas (comuna_id,nombre,ubicacion,provincia_id)values ('5','es','un','5');
insert into comunas (comuna_id,nombre,ubicacion,provincia_id)values ('6','no','que','6');
insert into comunas (comuna_id,nombre,ubicacion,provincia_id)values ('7','mi','que,','7');
insert into comunas (comuna_id,nombre,ubicacion,provincia_id)values ('8','dijo:','viendole','8');
insert into comunas (comuna_id,nombre,ubicacion,provincia_id)values ('9','que','hombre','9');
insert into comunas (comuna_id,nombre,ubicacion,provincia_id)values ('10','si','tiempo','10');
insert into comunas (comuna_id,nombre,ubicacion,provincia_id)values ('11','dijo:','posible','11');
insert into comunas (comuna_id,nombre,ubicacion,provincia_id)values ('12','durado','esta','12');
insert into comunas (comuna_id,nombre,ubicacion,provincia_id)values ('13','ni','porque','13');
insert into comunas (comuna_id,nombre,ubicacion,provincia_id)values ('14','senales','sucedernos','14');
insert into comunas (comuna_id,nombre,ubicacion,provincia_id)values ('15','a','de','15');
insert into comunas (comuna_id,nombre,ubicacion,provincia_id)values ('16','mi','durado','16');
insert into comunas (comuna_id,nombre,ubicacion,provincia_id)values ('17','bien','mal','17');
insert into comunas (comuna_id,nombre,ubicacion,provincia_id)values ('18','las','no','18');
insert into comunas (comuna_id,nombre,ubicacion,provincia_id)values ('19','dijo:','manera,','19');
insert into comunas (comuna_id,nombre,ubicacion,provincia_id)values ('20','estas','sean','20');
insert into comunas (comuna_id,nombre,ubicacion,provincia_id)values ('21','que','nos','21');
insert into comunas (comuna_id,nombre,ubicacion,provincia_id)values ('22','hombre','porque','22');
insert into comunas (comuna_id,nombre,ubicacion,provincia_id)values ('23','que','pues','23');
insert into comunas (comuna_id,nombre,ubicacion,provincia_id)values ('24','bien','de','24');
insert into comunas (comuna_id,nombre,ubicacion,provincia_id)values ('25','habiendo','no','25');
insert into comunas (comuna_id,nombre,ubicacion,provincia_id)values ('26','aquella','hombre','25');
insert into comunas (comuna_id,nombre,ubicacion,provincia_id)values ('27','Sabete,','y','24');
insert into comunas (comuna_id,nombre,ubicacion,provincia_id)values ('28','a','ha','23');
insert into comunas (comuna_id,nombre,ubicacion,provincia_id)values ('29','suceden','y','22');
insert into comunas (comuna_id,nombre,ubicacion,provincia_id)values ('30','hace','Sancho,','21');

insert into catastrofes (catastrofe_id,nombre_catastrofe,comuna_id)values ('1','y','1');
insert into catastrofes (catastrofe_id,nombre_catastrofe,comuna_id)values ('2','el','2');
insert into catastrofes (catastrofe_id,nombre_catastrofe,comuna_id)values ('3','no','3');
insert into catastrofes (catastrofe_id,nombre_catastrofe,comuna_id)values ('4','aquella','4');
insert into catastrofes (catastrofe_id,nombre_catastrofe,comuna_id)values ('5','nos','5');
insert into catastrofes (catastrofe_id,nombre_catastrofe,comuna_id)values ('6','mas','6');
insert into catastrofes (catastrofe_id,nombre_catastrofe,comuna_id)values ('7','suceden','7');
insert into catastrofes (catastrofe_id,nombre_catastrofe,comuna_id)values ('8','que','8');
insert into catastrofes (catastrofe_id,nombre_catastrofe,comuna_id)values ('9','mi','9');
insert into catastrofes (catastrofe_id,nombre_catastrofe,comuna_id)values ('10','y','10');
insert into catastrofes (catastrofe_id,nombre_catastrofe,comuna_id)values ('11','presto','11');
insert into catastrofes (catastrofe_id,nombre_catastrofe,comuna_id)values ('12','hombre','12');
insert into catastrofes (catastrofe_id,nombre_catastrofe,comuna_id)values ('13','si','13');
insert into catastrofes (catastrofe_id,nombre_catastrofe,comuna_id)values ('14','mi','14');
insert into catastrofes (catastrofe_id,nombre_catastrofe,comuna_id)values ('15','no','15');
insert into catastrofes (catastrofe_id,nombre_catastrofe,comuna_id)values ('16','esta','16');
insert into catastrofes (catastrofe_id,nombre_catastrofe,comuna_id)values ('17','ni','17');
insert into catastrofes (catastrofe_id,nombre_catastrofe,comuna_id)values ('18','por','18');
insert into catastrofes (catastrofe_id,nombre_catastrofe,comuna_id)values ('19','bien','19');
insert into catastrofes (catastrofe_id,nombre_catastrofe,comuna_id)values ('20','de','20');
insert into catastrofes (catastrofe_id,nombre_catastrofe,comuna_id)values ('21','mi','21');
insert into catastrofes (catastrofe_id,nombre_catastrofe,comuna_id)values ('22','cosas;','22');
insert into catastrofes (catastrofe_id,nombre_catastrofe,comuna_id)values ('23','Sancho,','23');
insert into catastrofes (catastrofe_id,nombre_catastrofe,comuna_id)values ('24','no','24');
insert into catastrofes (catastrofe_id,nombre_catastrofe,comuna_id)values ('25','dijo:','25');
insert into catastrofes (catastrofe_id,nombre_catastrofe,comuna_id)values ('26','que','26');
insert into catastrofes (catastrofe_id,nombre_catastrofe,comuna_id)values ('27','de','27');
insert into catastrofes (catastrofe_id,nombre_catastrofe,comuna_id)values ('28','nos','28');
insert into catastrofes (catastrofe_id,nombre_catastrofe,comuna_id)values ('29','hombre','29');
insert into catastrofes (catastrofe_id,nombre_catastrofe,comuna_id)values ('30','mas','30');

insert into registros_catastrofes (registro_catastrofe_id,fecha_inicio,fecha_termino,costo_total,porcentaje_progreso,nombre,catastrofe_id)values ('1','31/10/2017','01/11/2017',141,146,'el','1');
insert into registros_catastrofes (registro_catastrofe_id,fecha_inicio,fecha_termino,costo_total,porcentaje_progreso,nombre,catastrofe_id)values ('2','31/10/2017','01/11/2017',91,9,'pues','2');
insert into registros_catastrofes (registro_catastrofe_id,fecha_inicio,fecha_termino,costo_total,porcentaje_progreso,nombre,catastrofe_id)values ('3','31/10/2017','01/11/2017',153,40,'es','3');
insert into registros_catastrofes (registro_catastrofe_id,fecha_inicio,fecha_termino,costo_total,porcentaje_progreso,nombre,catastrofe_id)values ('4','31/10/2017','01/11/2017',192,42,'ti','4');
insert into registros_catastrofes (registro_catastrofe_id,fecha_inicio,fecha_termino,costo_total,porcentaje_progreso,nombre,catastrofe_id)values ('5','31/10/2017','01/11/2017',32,129,'dijo:','5');
insert into registros_catastrofes (registro_catastrofe_id,fecha_inicio,fecha_termino,costo_total,porcentaje_progreso,nombre,catastrofe_id)values ('6','31/10/2017','01/11/2017',113,38,'congojarte','6');
insert into registros_catastrofes (registro_catastrofe_id,fecha_inicio,fecha_termino,costo_total,porcentaje_progreso,nombre,catastrofe_id)values ('7','31/10/2017','01/11/2017',127,180,'dijo:','7');
insert into registros_catastrofes (registro_catastrofe_id,fecha_inicio,fecha_termino,costo_total,porcentaje_progreso,nombre,catastrofe_id)values ('8','31/10/2017','01/11/2017',143,154,'las','8');
insert into registros_catastrofes (registro_catastrofe_id,fecha_inicio,fecha_termino,costo_total,porcentaje_progreso,nombre,catastrofe_id)values ('9','31/10/2017','01/11/2017',68,170,'senales','9');
insert into registros_catastrofes (registro_catastrofe_id,fecha_inicio,fecha_termino,costo_total,porcentaje_progreso,nombre,catastrofe_id)values ('10','31/10/2017','01/11/2017',178,130,'hace','10');
insert into registros_catastrofes (registro_catastrofe_id,fecha_inicio,fecha_termino,costo_total,porcentaje_progreso,nombre,catastrofe_id)values ('11','31/10/2017','01/11/2017',153,102,'bien','11');
insert into registros_catastrofes (registro_catastrofe_id,fecha_inicio,fecha_termino,costo_total,porcentaje_progreso,nombre,catastrofe_id)values ('12','31/10/2017','01/11/2017',172,32,'el','12');
insert into registros_catastrofes (registro_catastrofe_id,fecha_inicio,fecha_termino,costo_total,porcentaje_progreso,nombre,catastrofe_id)values ('13','31/10/2017','01/11/2017',119,43,'estas','13');
insert into registros_catastrofes (registro_catastrofe_id,fecha_inicio,fecha_termino,costo_total,porcentaje_progreso,nombre,catastrofe_id)values ('14','31/10/2017','01/11/2017',113,66,'don','14');
insert into registros_catastrofes (registro_catastrofe_id,fecha_inicio,fecha_termino,costo_total,porcentaje_progreso,nombre,catastrofe_id)values ('15','31/10/2017','01/11/2017',144,41,'que','15');
insert into registros_catastrofes (registro_catastrofe_id,fecha_inicio,fecha_termino,costo_total,porcentaje_progreso,nombre,catastrofe_id)values ('16','31/10/2017','01/11/2017',123,131,'de','16');
insert into registros_catastrofes (registro_catastrofe_id,fecha_inicio,fecha_termino,costo_total,porcentaje_progreso,nombre,catastrofe_id)values ('17','31/10/2017','01/11/2017',159,174,'aquella','17');
insert into registros_catastrofes (registro_catastrofe_id,fecha_inicio,fecha_termino,costo_total,porcentaje_progreso,nombre,catastrofe_id)values ('18','31/10/2017','01/11/2017',27,128,'dijo:','18');
insert into registros_catastrofes (registro_catastrofe_id,fecha_inicio,fecha_termino,costo_total,porcentaje_progreso,nombre,catastrofe_id)values ('19','31/10/2017','01/11/2017',108,94,'suceden','19');
insert into registros_catastrofes (registro_catastrofe_id,fecha_inicio,fecha_termino,costo_total,porcentaje_progreso,nombre,catastrofe_id)values ('20','31/10/2017','01/11/2017',50,29,'mas','20');
insert into registros_catastrofes (registro_catastrofe_id,fecha_inicio,fecha_termino,costo_total,porcentaje_progreso,nombre,catastrofe_id)values ('21','31/10/2017','01/11/2017',196,80,'mas','21');
insert into registros_catastrofes (registro_catastrofe_id,fecha_inicio,fecha_termino,costo_total,porcentaje_progreso,nombre,catastrofe_id)values ('22','31/10/2017','01/11/2017',78,54,'que','23');
insert into registros_catastrofes (registro_catastrofe_id,fecha_inicio,fecha_termino,costo_total,porcentaje_progreso,nombre,catastrofe_id)values ('23','31/10/2017','01/11/2017',111,46,'viendole','22');
insert into registros_catastrofes (registro_catastrofe_id,fecha_inicio,fecha_termino,costo_total,porcentaje_progreso,nombre,catastrofe_id)values ('24','31/10/2017','01/11/2017',125,170,'no','24');
insert into registros_catastrofes (registro_catastrofe_id,fecha_inicio,fecha_termino,costo_total,porcentaje_progreso,nombre,catastrofe_id)values ('25','31/10/2017','01/11/2017',145,36,'te','25');
insert into registros_catastrofes (registro_catastrofe_id,fecha_inicio,fecha_termino,costo_total,porcentaje_progreso,nombre,catastrofe_id)values ('26','31/10/2017','01/11/2017',160,28,'a','26');
insert into registros_catastrofes (registro_catastrofe_id,fecha_inicio,fecha_termino,costo_total,porcentaje_progreso,nombre,catastrofe_id)values ('27','31/10/2017','01/11/2017',101,34,'que','27');
insert into registros_catastrofes (registro_catastrofe_id,fecha_inicio,fecha_termino,costo_total,porcentaje_progreso,nombre,catastrofe_id)values ('28','31/10/2017','01/11/2017',168,109,'que','28');
insert into registros_catastrofes (registro_catastrofe_id,fecha_inicio,fecha_termino,costo_total,porcentaje_progreso,nombre,catastrofe_id)values ('29','31/10/2017','01/11/2017',116,28,'le','29');
insert into registros_catastrofes (registro_catastrofe_id,fecha_inicio,fecha_termino,costo_total,porcentaje_progreso,nombre,catastrofe_id)values ('30','31/10/2017','01/11/2017',44,78,'y','30');

insert into historiales_usuarios (historial_usuario_id,fecha_accion,descripcion)values ('1','25/12/2017','esta');
insert into historiales_usuarios (historial_usuario_id,fecha_accion,descripcion)values ('2','25/12/2017','Asi');
insert into historiales_usuarios (historial_usuario_id,fecha_accion,descripcion)values ('3','25/12/2017','aquella');
insert into historiales_usuarios (historial_usuario_id,fecha_accion,descripcion)values ('4','25/12/2017','estas');
insert into historiales_usuarios (historial_usuario_id,fecha_accion,descripcion)values ('5','25/12/2017','un');
insert into historiales_usuarios (historial_usuario_id,fecha_accion,descripcion)values ('6','25/12/2017','que');
insert into historiales_usuarios (historial_usuario_id,fecha_accion,descripcion)values ('7','25/12/2017','que,');
insert into historiales_usuarios (historial_usuario_id,fecha_accion,descripcion)values ('8','25/12/2017:','viendole');
insert into historiales_usuarios (historial_usuario_id,fecha_accion,descripcion)values ('9','25/12/2017','hombre');
insert into historiales_usuarios (historial_usuario_id,fecha_accion,descripcion)values ('10','25/12/2017','tiempo');
insert into historiales_usuarios (historial_usuario_id,fecha_accion,descripcion)values ('11','25/12/2017:','posible');
insert into historiales_usuarios (historial_usuario_id,fecha_accion,descripcion)values ('12','25/12/2017','esta');
insert into historiales_usuarios (historial_usuario_id,fecha_accion,descripcion)values ('13','25/12/2017','porque');
insert into historiales_usuarios (historial_usuario_id,fecha_accion,descripcion)values ('14','25/12/2017','sucedernos');
insert into historiales_usuarios (historial_usuario_id,fecha_accion,descripcion)values ('15','25/12/2017','de');
insert into historiales_usuarios (historial_usuario_id,fecha_accion,descripcion)values ('16','25/12/2017','durado');
insert into historiales_usuarios (historial_usuario_id,fecha_accion,descripcion)values ('17','25/12/2017','mal');
insert into historiales_usuarios (historial_usuario_id,fecha_accion,descripcion)values ('18','25/12/2017','no');
insert into historiales_usuarios (historial_usuario_id,fecha_accion,descripcion)values ('19','25/12/2017','manera,');
insert into historiales_usuarios (historial_usuario_id,fecha_accion,descripcion)values ('20','25/12/2017','sean');
insert into historiales_usuarios (historial_usuario_id,fecha_accion,descripcion)values ('21','25/12/2017','nos');
insert into historiales_usuarios (historial_usuario_id,fecha_accion,descripcion)values ('22','25/12/2017','porque');
insert into historiales_usuarios (historial_usuario_id,fecha_accion,descripcion)values ('23','25/12/2017','pues');
insert into historiales_usuarios (historial_usuario_id,fecha_accion,descripcion)values ('24','25/12/2017','de');
insert into historiales_usuarios (historial_usuario_id,fecha_accion,descripcion)values ('25','25/12/2017','no');
insert into historiales_usuarios (historial_usuario_id,fecha_accion,descripcion)values ('26','25/12/2017','hombre');
insert into historiales_usuarios (historial_usuario_id,fecha_accion,descripcion)values ('27','25/12/2017','y');
insert into historiales_usuarios (historial_usuario_id,fecha_accion,descripcion)values ('28','25/12/2017','ha');
insert into historiales_usuarios (historial_usuario_id,fecha_accion,descripcion)values ('29','25/12/2017','y');
insert into historiales_usuarios (historial_usuario_id,fecha_accion,descripcion)values ('30','25/12/2017','Sancho,');
insert into historiales_usuarios (historial_usuario_id,fecha_accion,descripcion)values ('31','25/12/2017','ni');
insert into historiales_usuarios (historial_usuario_id,fecha_accion,descripcion)values ('32','25/12/2017','durado');
insert into historiales_usuarios (historial_usuario_id,fecha_accion,descripcion)values ('33','25/12/2017','que');
insert into historiales_usuarios (historial_usuario_id,fecha_accion,descripcion)values ('34','25/12/2017','parte');
insert into historiales_usuarios (historial_usuario_id,fecha_accion,descripcion)values ('35','25/12/2017','muestras');
insert into historiales_usuarios (historial_usuario_id,fecha_accion,descripcion)values ('36','25/12/2017','por');
insert into historiales_usuarios (historial_usuario_id,fecha_accion,descripcion)values ('37','25/12/2017','tiempo');
insert into historiales_usuarios (historial_usuario_id,fecha_accion,descripcion)values ('38','25/12/2017','Quijote');
insert into historiales_usuarios (historial_usuario_id,fecha_accion,descripcion)values ('39','25/12/2017','Sancho,');
insert into historiales_usuarios (historial_usuario_id,fecha_accion,descripcion)values ('40','25/12/2017','habiendo');


insert into usuarios (usuario_id,correo_electronico,nombre_usuario,contrasena_usuario,historial_usuario_id,rnv_id)values ('00','y','esta','habiendo','1','');
insert into usuarios (usuario_id,correo_electronico,nombre_usuario,contrasena_usuario,historial_usuario_id,rnv_id)values ('01','01','no','de','2','');
insert into usuarios (usuario_id,correo_electronico,nombre_usuario,contrasena_usuario,historial_usuario_id,rnv_id)values ('02','pues','a','nos','3','');
insert into usuarios (usuario_id,correo_electronico,nombre_usuario,contrasena_usuario,historial_usuario_id,rnv_id)values ('03','mas','es','un','4','1');
insert into usuarios (usuario_id,correo_electronico,nombre_usuario,contrasena_usuario,historial_usuario_id,rnv_id)values ('04','no','que','ti','5','');
insert into usuarios (usuario_id,correo_electronico,nombre_usuario,contrasena_usuario,historial_usuario_id,rnv_id)values ('05','05,','no','y','6','');
insert into usuarios (usuario_id,correo_electronico,nombre_usuario,contrasena_usuario,historial_usuario_id,rnv_id)values ('06','presto','esta','que','7','');
insert into usuarios (usuario_id,correo_electronico,nombre_usuario,contrasena_usuario,historial_usuario_id,rnv_id)values ('07','me','si','tiempo','8','');
insert into usuarios (usuario_id,correo_electronico,nombre_usuario,contrasena_usuario,historial_usuario_id,rnv_id)values ('08','08:','posible','no','9','');
insert into usuarios (usuario_id,correo_electronico,nombre_usuario,contrasena_usuario,historial_usuario_id,rnv_id)values ('09','esta','las','otro.','10','2');
insert into usuarios (usuario_id,correo_electronico,nombre_usuario,contrasena_usuario,historial_usuario_id,rnv_id)values ('10','suceden','por','senales','11','');
insert into usuarios (usuario_id,correo_electronico,nombre_usuario,contrasena_usuario,historial_usuario_id,rnv_id)values ('11','que,','a','de','12','');
insert into usuarios (usuario_id,correo_electronico,nombre_usuario,contrasena_usuario,historial_usuario_id,rnv_id)values ('12','mi','durado','bien','13','');
insert into usuarios (usuario_id,correo_electronico,nombre_usuario,contrasena_usuario,historial_usuario_id,rnv_id)values ('13','mal','Sancho,','se','14','');
insert into usuarios (usuario_id,correo_electronico,nombre_usuario,contrasena_usuario,historial_usuario_id,rnv_id)values ('14','el','habiendo','dijo:','15','');
insert into usuarios (usuario_id,correo_electronico,nombre_usuario,contrasena_usuario,historial_usuario_id,rnv_id)values ('15','que','estas','sean','16','');
insert into usuarios (usuario_id,correo_electronico,nombre_usuario,contrasena_usuario,historial_usuario_id,rnv_id)values ('16','que','nos','don','17','3');
insert into usuarios (usuario_id,correo_electronico,nombre_usuario,contrasena_usuario,historial_usuario_id,rnv_id)values ('17','porque','mucho','mas','18','4');
insert into usuarios (usuario_id,correo_electronico,nombre_usuario,contrasena_usuario,historial_usuario_id,rnv_id)values ('18','ha','durado','bien','19','5');
insert into usuarios (usuario_id,correo_electronico,nombre_usuario,contrasena_usuario,historial_usuario_id,rnv_id)values ('19','es','habiendo','no','20','');
insert into usuarios (usuario_id,correo_electronico,nombre_usuario,contrasena_usuario,historial_usuario_id,rnv_id)values ('20','aquella','hombre','no','21','');
insert into usuarios (usuario_id,correo_electronico,nombre_usuario,contrasena_usuario,historial_usuario_id,rnv_id)values ('21','y','dijo:','con','22','');
insert into usuarios (usuario_id,correo_electronico,nombre_usuario,contrasena_usuario,historial_usuario_id,rnv_id)values ('22','es','de','suceden','23','');
insert into usuarios (usuario_id,correo_electronico,nombre_usuario,contrasena_usuario,historial_usuario_id,rnv_id)values ('23','el','hace','Sancho,','24','');
insert into usuarios (usuario_id,correo_electronico,nombre_usuario,contrasena_usuario,historial_usuario_id,rnv_id)values ('24','pues','ni','cabe','25','');
insert into usuarios (usuario_id,correo_electronico,nombre_usuario,contrasena_usuario,historial_usuario_id,rnv_id)values ('25','durado','hombre','parte','26','');
insert into usuarios (usuario_id,correo_electronico,nombre_usuario,contrasena_usuario,historial_usuario_id,rnv_id)values ('26','que','estas','pues','27','');
insert into usuarios (usuario_id,correo_electronico,nombre_usuario,contrasena_usuario,historial_usuario_id,rnv_id)values ('27','si','viendole','muestras','28','');
insert into usuarios (usuario_id,correo_electronico,nombre_usuario,contrasena_usuario,historial_usuario_id,rnv_id)values ('28','sean','por','no','29','');
insert into usuarios (usuario_id,correo_electronico,nombre_usuario,contrasena_usuario,historial_usuario_id,rnv_id)values ('29','tiempo','mucho','un','30','');
insert into usuarios (usuario_id,correo_electronico,nombre_usuario,contrasena_usuario,historial_usuario_id,rnv_id)values ('30','bien','son','Asi','31','');
insert into usuarios (usuario_id,correo_electronico,nombre_usuario,contrasena_usuario,historial_usuario_id,rnv_id)values ('31','viendole','el','habiendo','32','');
insert into usuarios (usuario_id,correo_electronico,nombre_usuario,contrasena_usuario,historial_usuario_id,rnv_id)values ('32','que','tiempo','que','33','');
insert into usuarios (usuario_id,correo_electronico,nombre_usuario,contrasena_usuario,historial_usuario_id,rnv_id)values ('33','es','que','sean','34','');
insert into usuarios (usuario_id,correo_electronico,nombre_usuario,contrasena_usuario,historial_usuario_id,rnv_id)values ('34','mal','mal','mal','35','');
insert into usuarios (usuario_id,correo_electronico,nombre_usuario,contrasena_usuario,historial_usuario_id,rnv_id)values ('35','el','otro','presto','36','');
insert into usuarios (usuario_id,correo_electronico,nombre_usuario,contrasena_usuario,historial_usuario_id,rnv_id)values ('36','las','de','aquella','37','');
insert into usuarios (usuario_id,correo_electronico,nombre_usuario,contrasena_usuario,historial_usuario_id,rnv_id)values ('37','que','tristeza,','de','38','');
insert into usuarios (usuario_id,correo_electronico,nombre_usuario,contrasena_usuario,historial_usuario_id,rnv_id)values ('38','que','no','Sancho,','39','');
insert into usuarios (usuario_id,correo_electronico,nombre_usuario,contrasena_usuario,historial_usuario_id,rnv_id)values ('39','es','a','el','40','');
insert into usuarios (usuario_id,correo_electronico,nombre_usuario,contrasena_usuario,historial_usuario_id,rnv_id)values ('40','tristeza,','debes','congojarte','40','6');
insert into medidas (medida_id,nombre_medida,usuario_id)values ('1','y','00');
insert into medidas (medida_id,nombre_medida,usuario_id)values ('2','el','00');
insert into medidas (medida_id,nombre_medida,usuario_id)values ('3','no','00');
insert into medidas (medida_id,nombre_medida,usuario_id)values ('4','aquella','00');
insert into medidas (medida_id,nombre_medida,usuario_id)values ('5','nos','00');
insert into medidas (medida_id,nombre_medida,usuario_id)values ('6','mas','00');
insert into medidas (medida_id,nombre_medida,usuario_id)values ('7','suceden','00');
insert into medidas (medida_id,nombre_medida,usuario_id)values ('8','que','00');
insert into medidas (medida_id,nombre_medida,usuario_id)values ('9','mi','00');
insert into medidas (medida_id,nombre_medida,usuario_id)values ('10','y','00');
insert into medidas (medida_id,nombre_medida,usuario_id)values ('11','presto','00');
insert into medidas (medida_id,nombre_medida,usuario_id)values ('12','hombre','00');
insert into medidas (medida_id,nombre_medida,usuario_id)values ('13','si','00');
insert into medidas (medida_id,nombre_medida,usuario_id)values ('14','mi','00');
insert into medidas (medida_id,nombre_medida,usuario_id)values ('15','no','00');
insert into medidas (medida_id,nombre_medida,usuario_id)values ('16','esta','00');
insert into medidas (medida_id,nombre_medida,usuario_id)values ('17','ni','00');
insert into medidas (medida_id,nombre_medida,usuario_id)values ('18','por','00');
insert into medidas (medida_id,nombre_medida,usuario_id)values ('19','bien','00');
insert into medidas (medida_id,nombre_medida,usuario_id)values ('20','de','00');
insert into medidas (medida_id,nombre_medida,usuario_id)values ('21','mi','00');
insert into medidas (medida_id,nombre_medida,usuario_id)values ('22','cosas;','00');
insert into medidas (medida_id,nombre_medida,usuario_id)values ('23','Sancho,','00');
insert into medidas (medida_id,nombre_medida,usuario_id)values ('24','no','00');
insert into medidas (medida_id,nombre_medida,usuario_id)values ('25','dijo:','00');
insert into medidas (medida_id,nombre_medida,usuario_id)values ('26','que','00');
insert into medidas (medida_id,nombre_medida,usuario_id)values ('27','de','00');
insert into medidas (medida_id,nombre_medida,usuario_id)values ('28','nos','00');
insert into medidas (medida_id,nombre_medida,usuario_id)values ('29','hombre','00');
insert into medidas (medida_id,nombre_medida,usuario_id)values ('30','mas','00');
insert into medidas (medida_id,nombre_medida,usuario_id)values ('31','ha','00');
insert into medidas (medida_id,nombre_medida,usuario_id)values ('32','de','00');
insert into medidas (medida_id,nombre_medida,usuario_id)values ('33','habiendo','00');
insert into medidas (medida_id,nombre_medida,usuario_id)values ('34','desgracias','00');
insert into medidas (medida_id,nombre_medida,usuario_id)values ('35','no','00');
insert into medidas (medida_id,nombre_medida,usuario_id)values ('36','y','00');
insert into medidas (medida_id,nombre_medida,usuario_id)values ('37','a','00');
insert into medidas (medida_id,nombre_medida,usuario_id)values ('38','de','00');
insert into medidas (medida_id,nombre_medida,usuario_id)values ('39','hombre','00');
insert into medidas (medida_id,nombre_medida,usuario_id)values ('40','Sancho,','00');

insert into registros_medidas (registro_medida_id,fecha_inicio,fecha_termino,valor_costo,porcentaje_progreso,nombre,medida_id)values ('1','01/11/2017','03/11/2017',141,146,'el','1');
insert into registros_medidas (registro_medida_id,fecha_inicio,fecha_termino,valor_costo,porcentaje_progreso,nombre,medida_id)values ('2','01/11/2017','03/11/2017',91,9,'pues','2');
insert into registros_medidas (registro_medida_id,fecha_inicio,fecha_termino,valor_costo,porcentaje_progreso,nombre,medida_id)values ('3','01/11/2017','03/11/2017',153,40,'es','3');
insert into registros_medidas (registro_medida_id,fecha_inicio,fecha_termino,valor_costo,porcentaje_progreso,nombre,medida_id)values ('4','01/11/2017','03/11/2017',192,42,'ti','4');
insert into registros_medidas (registro_medida_id,fecha_inicio,fecha_termino,valor_costo,porcentaje_progreso,nombre,medida_id)values ('5','01/11/2017','03/11/2017',32,129,'dijo:','5');
insert into registros_medidas (registro_medida_id,fecha_inicio,fecha_termino,valor_costo,porcentaje_progreso,nombre,medida_id)values ('6','01/11/2017','03/11/2017',113,38,'congojarte','6');
insert into registros_medidas (registro_medida_id,fecha_inicio,fecha_termino,valor_costo,porcentaje_progreso,nombre,medida_id)values ('7','01/11/2017','03/11/2017',127,180,'dijo:','7');
insert into registros_medidas (registro_medida_id,fecha_inicio,fecha_termino,valor_costo,porcentaje_progreso,nombre,medida_id)values ('8','01/11/2017','03/11/2017',143,154,'las','8');
insert into registros_medidas (registro_medida_id,fecha_inicio,fecha_termino,valor_costo,porcentaje_progreso,nombre,medida_id)values ('9','01/11/2017','03/11/2017',68,170,'senales','9');
insert into registros_medidas (registro_medida_id,fecha_inicio,fecha_termino,valor_costo,porcentaje_progreso,nombre,medida_id)values ('10','01/11/2017','03/11/2017',178,130,'hace','10');
insert into registros_medidas (registro_medida_id,fecha_inicio,fecha_termino,valor_costo,porcentaje_progreso,nombre,medida_id)values ('11','01/11/2017','03/11/2017',153,102,'bien','11');
insert into registros_medidas (registro_medida_id,fecha_inicio,fecha_termino,valor_costo,porcentaje_progreso,nombre,medida_id)values ('12','01/11/2017','03/11/2017',172,32,'el','12');
insert into registros_medidas (registro_medida_id,fecha_inicio,fecha_termino,valor_costo,porcentaje_progreso,nombre,medida_id)values ('13','01/11/2017','03/11/2017',119,43,'estas','13');
insert into registros_medidas (registro_medida_id,fecha_inicio,fecha_termino,valor_costo,porcentaje_progreso,nombre,medida_id)values ('14','01/11/2017','03/11/2017',113,66,'don','14');
insert into registros_medidas (registro_medida_id,fecha_inicio,fecha_termino,valor_costo,porcentaje_progreso,nombre,medida_id)values ('15','01/11/2017','03/11/2017',144,41,'que','15');
insert into registros_medidas (registro_medida_id,fecha_inicio,fecha_termino,valor_costo,porcentaje_progreso,nombre,medida_id)values ('16','01/11/2017','03/11/2017',123,131,'de','16');
insert into registros_medidas (registro_medida_id,fecha_inicio,fecha_termino,valor_costo,porcentaje_progreso,nombre,medida_id)values ('17','01/11/2017','03/11/2017',159,174,'aquella','17');
insert into registros_medidas (registro_medida_id,fecha_inicio,fecha_termino,valor_costo,porcentaje_progreso,nombre,medida_id)values ('18','01/11/2017','03/11/2017',27,128,'dijo:','18');
insert into registros_medidas (registro_medida_id,fecha_inicio,fecha_termino,valor_costo,porcentaje_progreso,nombre,medida_id)values ('19','01/11/2017','03/11/2017',108,94,'suceden','19');
insert into registros_medidas (registro_medida_id,fecha_inicio,fecha_termino,valor_costo,porcentaje_progreso,nombre,medida_id)values ('20','01/11/2017','03/11/2017',50,29,'mas','20');
insert into registros_medidas (registro_medida_id,fecha_inicio,fecha_termino,valor_costo,porcentaje_progreso,nombre,medida_id)values ('21','01/11/2017','03/11/2017',196,80,'mas','21');
insert into registros_medidas (registro_medida_id,fecha_inicio,fecha_termino,valor_costo,porcentaje_progreso,nombre,medida_id)values ('22','01/11/2017','03/11/2017',78,54,'que','22');
insert into registros_medidas (registro_medida_id,fecha_inicio,fecha_termino,valor_costo,porcentaje_progreso,nombre,medida_id)values ('23','01/11/2017','03/11/2017',111,46,'viendole','23');
insert into registros_medidas (registro_medida_id,fecha_inicio,fecha_termino,valor_costo,porcentaje_progreso,nombre,medida_id)values ('24','01/11/2017','03/11/2017',125,170,'no','24');
insert into registros_medidas (registro_medida_id,fecha_inicio,fecha_termino,valor_costo,porcentaje_progreso,nombre,medida_id)values ('25','01/11/2017','03/11/2017',145,36,'te','25');
insert into registros_medidas (registro_medida_id,fecha_inicio,fecha_termino,valor_costo,porcentaje_progreso,nombre,medida_id)values ('26','01/11/2017','03/11/2017',160,28,'a','26');
insert into registros_medidas (registro_medida_id,fecha_inicio,fecha_termino,valor_costo,porcentaje_progreso,nombre,medida_id)values ('27','01/11/2017','03/11/2017',101,34,'que','27');
insert into registros_medidas (registro_medida_id,fecha_inicio,fecha_termino,valor_costo,porcentaje_progreso,nombre,medida_id)values ('28','01/11/2017','03/11/2017',168,109,'que','28');
insert into registros_medidas (registro_medida_id,fecha_inicio,fecha_termino,valor_costo,porcentaje_progreso,nombre,medida_id)values ('29','01/11/2017','03/11/2017',116,116,'le','29');
insert into registros_medidas (registro_medida_id,fecha_inicio,fecha_termino,valor_costo,porcentaje_progreso,nombre,medida_id)values ('30','01/11/2017','03/11/2017',44,78,'y','30');
insert into registros_medidas (registro_medida_id,fecha_inicio,fecha_termino,valor_costo,porcentaje_progreso,nombre,medida_id)values ('31','01/11/2017','03/11/2017',9,88,'don','31');
insert into registros_medidas (registro_medida_id,fecha_inicio,fecha_termino,valor_costo,porcentaje_progreso,nombre,medida_id)values ('32','01/11/2017','03/11/2017',125,19,'que','32');
insert into registros_medidas (registro_medida_id,fecha_inicio,fecha_termino,valor_costo,porcentaje_progreso,nombre,medida_id)values ('33','01/11/2017','03/11/2017',116,34,'a','33');
insert into registros_medidas (registro_medida_id,fecha_inicio,fecha_termino,valor_costo,porcentaje_progreso,nombre,medida_id)values ('34','01/11/2017','03/11/2017',20,166,'congojarte','34');
insert into registros_medidas (registro_medida_id,fecha_inicio,fecha_termino,valor_costo,porcentaje_progreso,nombre,medida_id)values ('35','01/11/2017','03/11/2017',182,56,'el','35');
insert into registros_medidas (registro_medida_id,fecha_inicio,fecha_termino,valor_costo,porcentaje_progreso,nombre,medida_id)values ('36','01/11/2017','03/11/2017',2,101,'es','36');
insert into registros_medidas (registro_medida_id,fecha_inicio,fecha_termino,valor_costo,porcentaje_progreso,nombre,medida_id)values ('37:','01/11/2017','03/11/2017',95,102,'mas','37');
insert into registros_medidas (registro_medida_id,fecha_inicio,fecha_termino,valor_costo,porcentaje_progreso,nombre,medida_id)values ('38','01/11/2017','03/11/2017',117,5,'porque','38');
insert into registros_medidas (registro_medida_id,fecha_inicio,fecha_termino,valor_costo,porcentaje_progreso,nombre,medida_id)values ('39','01/11/2017','03/11/2017',7,115,'si','39');
insert into registros_medidas (registro_medida_id,fecha_inicio,fecha_termino,valor_costo,porcentaje_progreso,nombre,medida_id)values ('40','01/11/2017','03/11/2017',175,24,'estas','40');




insert into roles (rol_id,nombre_rol)values ('1','voluntario');
insert into roles (rol_id,nombre_rol)values ('2','administrador');
insert into roles (rol_id,nombre_rol)values ('3','usuario normal');
insert into roles (rol_id,nombre_rol)values ('4','organizacion');
insert into roles (rol_id,nombre_rol)values ('5','gobierno');


insert into usuarios_roles (usuario_id,rol_id)values ('00','5');
insert into usuarios_roles (usuario_id,rol_id)values ('01','3');
insert into usuarios_roles (usuario_id,rol_id)values ('02','2');
insert into usuarios_roles (usuario_id,rol_id)values ('03','1');
insert into usuarios_roles (usuario_id,rol_id)values ('04','4');
insert into usuarios_roles (usuario_id,rol_id)values ('05','4');
insert into usuarios_roles (usuario_id,rol_id)values ('06','3');
insert into usuarios_roles (usuario_id,rol_id)values ('07','2');
insert into usuarios_roles (usuario_id,rol_id)values ('08','4');
insert into usuarios_roles (usuario_id,rol_id)values ('09','1');
insert into usuarios_roles (usuario_id,rol_id)values ('10','3');
insert into usuarios_roles (usuario_id,rol_id)values ('11','2');
insert into usuarios_roles (usuario_id,rol_id)values ('12','4');
insert into usuarios_roles (usuario_id,rol_id)values ('13,','2');
insert into usuarios_roles (usuario_id,rol_id)values ('14','2');
insert into usuarios_roles (usuario_id,rol_id)values ('15','2');
insert into usuarios_roles (usuario_id,rol_id)values ('16','1');
insert into usuarios_roles (usuario_id,rol_id)values ('17','1');
insert into usuarios_roles (usuario_id,rol_id)values ('18','1');
insert into usuarios_roles (usuario_id,rol_id)values ('19','4');
insert into usuarios_roles (usuario_id,rol_id)values ('20','4:');
insert into usuarios_roles (usuario_id,rol_id)values ('21','4');
insert into usuarios_roles (usuario_id,rol_id)values ('22','4');
insert into usuarios_roles (usuario_id,rol_id)values ('23','4');
insert into usuarios_roles (usuario_id,rol_id)values ('24','4');
insert into usuarios_roles (usuario_id,rol_id)values ('25','4');
insert into usuarios_roles (usuario_id,rol_id)values ('26','4');
insert into usuarios_roles (usuario_id,rol_id)values ('27','4');
insert into usuarios_roles (usuario_id,rol_id)values ('28','3');
insert into usuarios_roles (usuario_id,rol_id)values ('29','4');
insert into usuarios_roles (usuario_id,rol_id)values ('30','4');
insert into usuarios_roles (usuario_id,rol_id)values ('31','4');
insert into usuarios_roles (usuario_id,rol_id)values ('32;','4');
insert into usuarios_roles (usuario_id,rol_id)values ('33','4');
insert into usuarios_roles (usuario_id,rol_id)values ('34','4');
insert into usuarios_roles (usuario_id,rol_id)values ('35','4');
insert into usuarios_roles (usuario_id,rol_id)values ('36','4');
insert into usuarios_roles (usuario_id,rol_id)values ('37','3');
insert into usuarios_roles (usuario_id,rol_id)values ('38','3');
insert into usuarios_roles (usuario_id,rol_id)values ('39','3');
insert into usuarios_roles (usuario_id,rol_id)values ('40','3');
insert into usuarios_roles (usuario_id,rol_id)values ('40','2');
insert into usuarios_roles (usuario_id,rol_id)values ('40','1');

insert into usuarios_registrosmedidas (usuario_id,registro_medida_id)values ('01,','1');
insert into usuarios_registrosmedidas (usuario_id,registro_medida_id)values ('01','2');
insert into usuarios_registrosmedidas (usuario_id,registro_medida_id)values ('06','3');
insert into usuarios_registrosmedidas (usuario_id,registro_medida_id)values ('03','4');
insert into usuarios_registrosmedidas (usuario_id,registro_medida_id)values ('09','5');
insert into usuarios_registrosmedidas (usuario_id,registro_medida_id)values ('10','6');
insert into usuarios_registrosmedidas (usuario_id,registro_medida_id)values ('09','7');
insert into usuarios_registrosmedidas (usuario_id,registro_medida_id)values ('10','8');
insert into usuarios_registrosmedidas (usuario_id,registro_medida_id)values ('16','9');
insert into usuarios_registrosmedidas (usuario_id,registro_medida_id)values ('17','10');
insert into usuarios_registrosmedidas (usuario_id,registro_medida_id)values ('18','11');
insert into usuarios_registrosmedidas (usuario_id,registro_medida_id)values ('18','12');
insert into usuarios_registrosmedidas (usuario_id,registro_medida_id)values ('17','13');
insert into usuarios_registrosmedidas (usuario_id,registro_medida_id)values ('16,','14');
insert into usuarios_registrosmedidas (usuario_id,registro_medida_id)values ('01','15');
insert into usuarios_registrosmedidas (usuario_id,registro_medida_id)values ('28','16');
insert into usuarios_registrosmedidas (usuario_id,registro_medida_id)values ('28','17');
insert into usuarios_registrosmedidas (usuario_id,registro_medida_id)values ('37','18');
insert into usuarios_registrosmedidas (usuario_id,registro_medida_id)values ('38','19');
insert into usuarios_registrosmedidas (usuario_id,registro_medida_id)values ('37','20');
insert into usuarios_registrosmedidas (usuario_id,registro_medida_id)values ('38','21');
insert into usuarios_registrosmedidas (usuario_id,registro_medida_id)values ('39','22');
insert into usuarios_registrosmedidas (usuario_id,registro_medida_id)values ('39','23');
insert into usuarios_registrosmedidas (usuario_id,registro_medida_id)values ('40','24');
insert into usuarios_registrosmedidas (usuario_id,registro_medida_id)values ('40','25');
insert into usuarios_registrosmedidas (usuario_id,registro_medida_id)values ('28','26');
insert into usuarios_registrosmedidas (usuario_id,registro_medida_id)values ('37','27');
insert into usuarios_registrosmedidas (usuario_id,registro_medida_id)values ('37','28');
insert into usuarios_registrosmedidas (usuario_id,registro_medida_id)values ('38,','29');
insert into usuarios_registrosmedidas (usuario_id,registro_medida_id)values ('39','30');
insert into usuarios_registrosmedidas (usuario_id,registro_medida_id)values ('01','31');
insert into usuarios_registrosmedidas (usuario_id,registro_medida_id)values ('01','32');
insert into usuarios_registrosmedidas (usuario_id,registro_medida_id)values ('03;','33');
insert into usuarios_registrosmedidas (usuario_id,registro_medida_id)values ('06','34,');
insert into usuarios_registrosmedidas (usuario_id,registro_medida_id)values ('06','35');
insert into usuarios_registrosmedidas (usuario_id,registro_medida_id)values ('09','36');
insert into usuarios_registrosmedidas (usuario_id,registro_medida_id)values ('10','37:');
insert into usuarios_registrosmedidas (usuario_id,registro_medida_id)values ('16,','38');
insert into usuarios_registrosmedidas (usuario_id,registro_medida_id)values ('17','39');
insert into usuarios_registrosmedidas (usuario_id,registro_medida_id)values ('18','40');

insert into registrosmedidas_registroscatastrofes (registro_medida_id,registro_catastrofe_id)values ('1,','1');
insert into registrosmedidas_registroscatastrofes (registro_medida_id,registro_catastrofe_id)values ('2','2');
insert into registrosmedidas_registroscatastrofes (registro_medida_id,registro_catastrofe_id)values ('3','3');
insert into registrosmedidas_registroscatastrofes (registro_medida_id,registro_catastrofe_id)values ('4','4');
insert into registrosmedidas_registroscatastrofes (registro_medida_id,registro_catastrofe_id)values ('5','5');
insert into registrosmedidas_registroscatastrofes (registro_medida_id,registro_catastrofe_id)values ('6','6');
insert into registrosmedidas_registroscatastrofes (registro_medida_id,registro_catastrofe_id)values ('7','7');
insert into registrosmedidas_registroscatastrofes (registro_medida_id,registro_catastrofe_id)values ('8','8');
insert into registrosmedidas_registroscatastrofes (registro_medida_id,registro_catastrofe_id)values ('9','9');
insert into registrosmedidas_registroscatastrofes (registro_medida_id,registro_catastrofe_id)values ('10','10');
insert into registrosmedidas_registroscatastrofes (registro_medida_id,registro_catastrofe_id)values ('11','11');
insert into registrosmedidas_registroscatastrofes (registro_medida_id,registro_catastrofe_id)values ('12','12');
insert into registrosmedidas_registroscatastrofes (registro_medida_id,registro_catastrofe_id)values ('13','13');
insert into registrosmedidas_registroscatastrofes (registro_medida_id,registro_catastrofe_id)values ('14,','14');
insert into registrosmedidas_registroscatastrofes (registro_medida_id,registro_catastrofe_id)values ('15','15');
insert into registrosmedidas_registroscatastrofes (registro_medida_id,registro_catastrofe_id)values ('16','16');
insert into registrosmedidas_registroscatastrofes (registro_medida_id,registro_catastrofe_id)values ('17','17');
insert into registrosmedidas_registroscatastrofes (registro_medida_id,registro_catastrofe_id)values ('18','18');
insert into registrosmedidas_registroscatastrofes (registro_medida_id,registro_catastrofe_id)values ('19','19');
insert into registrosmedidas_registroscatastrofes (registro_medida_id,registro_catastrofe_id)values ('20','20,');
insert into registrosmedidas_registroscatastrofes (registro_medida_id,registro_catastrofe_id)values ('21','21:');
insert into registrosmedidas_registroscatastrofes (registro_medida_id,registro_catastrofe_id)values ('22','22');
insert into registrosmedidas_registroscatastrofes (registro_medida_id,registro_catastrofe_id)values ('23','23');
insert into registrosmedidas_registroscatastrofes (registro_medida_id,registro_catastrofe_id)values ('24','24');
insert into registrosmedidas_registroscatastrofes (registro_medida_id,registro_catastrofe_id)values ('25','25');
insert into registrosmedidas_registroscatastrofes (registro_medida_id,registro_catastrofe_id)values ('26','26');
insert into registrosmedidas_registroscatastrofes (registro_medida_id,registro_catastrofe_id)values ('27','27');
insert into registrosmedidas_registroscatastrofes (registro_medida_id,registro_catastrofe_id)values ('28','28');
insert into registrosmedidas_registroscatastrofes (registro_medida_id,registro_catastrofe_id)values ('29,','29');
insert into registrosmedidas_registroscatastrofes (registro_medida_id,registro_catastrofe_id)values ('30','30');
insert into registrosmedidas_registroscatastrofes (registro_medida_id,registro_catastrofe_id)values ('31','31');
insert into registrosmedidas_registroscatastrofes (registro_medida_id,registro_catastrofe_id)values ('32','32');
insert into registrosmedidas_registroscatastrofes (registro_medida_id,registro_catastrofe_id)values ('33;','33');
insert into registrosmedidas_registroscatastrofes (registro_medida_id,registro_catastrofe_id)values ('34','34,');
insert into registrosmedidas_registroscatastrofes (registro_medida_id,registro_catastrofe_id)values ('35','35');
insert into registrosmedidas_registroscatastrofes (registro_medida_id,registro_catastrofe_id)values ('36','36');
insert into registrosmedidas_registroscatastrofes (registro_medida_id,registro_catastrofe_id)values ('37','37');
insert into registrosmedidas_registroscatastrofes (registro_medida_id,registro_catastrofe_id)values ('38,','38');
insert into registrosmedidas_registroscatastrofes (registro_medida_id,registro_catastrofe_id)values ('39','39');
insert into registrosmedidas_registroscatastrofes (registro_medida_id,registro_catastrofe_id)values ('40','40');

insert into usuario_genera_medida (usuario_id,medida_id)values ('00','1');
insert into usuario_genera_medida (usuario_id,medida_id)values ('04','2');
insert into usuario_genera_medida (usuario_id,medida_id)values ('04','3');
insert into usuario_genera_medida (usuario_id,medida_id)values ('05','4');
insert into usuario_genera_medida (usuario_id,medida_id)values ('05','5');
insert into usuario_genera_medida (usuario_id,medida_id)values ('00','6');
insert into usuario_genera_medida (usuario_id,medida_id)values ('08','7');
insert into usuario_genera_medida (usuario_id,medida_id)values ('08','8');
insert into usuario_genera_medida (usuario_id,medida_id)values ('12','9');
insert into usuario_genera_medida (usuario_id,medida_id)values ('12','10');
insert into usuario_genera_medida (usuario_id,medida_id)values ('19','11');
insert into usuario_genera_medida (usuario_id,medida_id)values ('19','12');
insert into usuario_genera_medida (usuario_id,medida_id)values ('20','13');
insert into usuario_genera_medida (usuario_id,medida_id)values ('21,','14');
insert into usuario_genera_medida (usuario_id,medida_id)values ('22','15');
insert into usuario_genera_medida (usuario_id,medida_id)values ('22','16');
insert into usuario_genera_medida (usuario_id,medida_id)values ('23','17');
insert into usuario_genera_medida (usuario_id,medida_id)values ('24','18');
insert into usuario_genera_medida (usuario_id,medida_id)values ('25','19');
insert into usuario_genera_medida (usuario_id,medida_id)values ('26','20');
insert into usuario_genera_medida (usuario_id,medida_id)values ('27','21');
insert into usuario_genera_medida (usuario_id,medida_id)values ('27','22');
insert into usuario_genera_medida (usuario_id,medida_id)values ('29','23');
insert into usuario_genera_medida (usuario_id,medida_id)values ('25','24');
insert into usuario_genera_medida (usuario_id,medida_id)values ('30','25');
insert into usuario_genera_medida (usuario_id,medida_id)values ('31','26');
insert into usuario_genera_medida (usuario_id,medida_id)values ('32','27');
insert into usuario_genera_medida (usuario_id,medida_id)values ('33','28');
insert into usuario_genera_medida (usuario_id,medida_id)values ('34,','29');
insert into usuario_genera_medida (usuario_id,medida_id)values ('35','30');
insert into usuario_genera_medida (usuario_id,medida_id)values ('36','31');
insert into usuario_genera_medida (usuario_id,medida_id)values ('35','32');
insert into usuario_genera_medida (usuario_id,medida_id)values ('36;','33');
insert into usuario_genera_medida (usuario_id,medida_id)values ('34','34');
insert into usuario_genera_medida (usuario_id,medida_id)values ('29','35');
insert into usuario_genera_medida (usuario_id,medida_id)values ('08','36');
insert into usuario_genera_medida (usuario_id,medida_id)values ('12','37');
insert into usuario_genera_medida (usuario_id,medida_id)values ('12,','38');
insert into usuario_genera_medida (usuario_id,medida_id)values ('19','39');
insert into usuario_genera_medida (usuario_id,medida_id)values ('36','40');
